<?xml version="1.0" encoding="UTF-8"?>
<metadata xml:lang="it"><Esri><CreaDate>20160222</CreaDate><CreaTime>08185800</CreaTime><ArcGISFormat>1.0</ArcGISFormat><SyncOnce>TRUE</SyncOnce><DataProperties><lineage><Process ToolSource="C:\Program Files (x86)\ArcGIS\Desktop10.0\ArcToolbox\Toolboxes\Data Management Tools.tbx\CalculateField" Date="20160209" Time="204009">CalculateField ZUDATA pop_scuola "[L_ELE_O_NT] + [L_MED] + [DIP__SUP] + [LAUREA]" VB #</Process><Process ToolSource="C:\Program Files (x86)\ArcGIS\Desktop10.0\ArcToolbox\Toolboxes\Data Management Tools.tbx\CalculateField" Date="20160212" Time="093231">CalculateField ZUDATA FAM_TOT "[FAM1_COMPO] + [FAM2_COMPO] + [FAM3_COMPO] + [FAM4_COMPO] + [FAM5_COMPO] + [FAM6_O_PIë]" VB #</Process><Process ToolSource="C:\Program Files (x86)\ArcGIS\Desktop10.0\ArcToolbox\Toolboxes\Data Management Tools.tbx\DeleteField" Date="20160222" Time="082006">DeleteField ZU_COD OID_;ID;AREA_URBAN;R_01;R_07;R_13;ST_07;ST_13;ST_NOCSE;ST_ISLAMIC;ST_EST_E;MASCHI;FEMMINE;CELI_NUBI;CONIUGATI;VEDOVI;DIVORZIATI;X15;X5_30;X0_45;X5_60;X0_75;X5;X65;X_4;X_9;X0_14;X5_19;X0_24;L_ELE_O_NT;L_MED;DIP__SUP;LAUREA;FL;OCCUPATI;DISNO;DISPO;NOFL;STUDENTI;CASALINGHE;PENSIONATI;ALTRA_CL;POP_15_65_;T_COMPFAM;FAM1_COMPO;FAM2_COMPO;FAM3_COMPO;FAM4_COMPO;FAM5_COMPO;FAM6_O_PIë;AB_OCCUPAT;AB__VUOTE_;SUP_AB_OCC;F__AFFITTO;F_PROPRIET;F_OCC_ALTR;E_RESIDENZ;E_NNRESIDE;E1919;E_1_45;E_46_61;E_62_71;E_72_81;E_8_91;E_91_00;E_01_05;E2005;INTERNI_RE;ADD_AGRICO;ADD_INDUST;ADD_EDILIZ;ADD_COMMER;ADD_RISTOR;ADD_TRASPO;ADD_FINANZ;ADD_IN_RIC;ADD_SERVIZ;ADDE_PA;ADD_SCUOLA;ADD_SANIT·;ADD_CULTUR;ADD_DOMEST;ADD_ALTRE_;SC_INFANZI;SC_PRIMARI;SS1GRADO;SS2_GRADO;CINEMA_E_C;TEATRI;BIBLIOTECH;IMP_SPORTI;OSPEDALI_E;AMBULATORI;SICUREZZA;SP_BANCARI;UFF_POSTAL;C_ASS_FISC;ASILI_NIDO;LUDOTECHE;CENTRI_ANZ;CASE_DI_RI;ASS_VOLONT;CHIESE_E_P;COMM_DETTA;BAR_RISTOR;ARTIG_MANI;ARTIG_SERV;VEN_M_G;CCOMMERCIA;PIAZZE;PSCUOLE;PSTUDENTI;PSTSTA;PRIPETENTI;PSTRANIERI;PCLASSI;PPO27_STUD;PPO30_STUD;PDOCENTI_D;PDMOBILIT·;S1SCUOLE;S1STUDENTI;S1STSTATAL;S1RIPETENT;S1STRANIER;S1CLASSI;S1PO27_STU;S1PO30_STU;S1NAMMESSI;S1ABBANDON;S1DSTATALI;S1DMOBILIT;S2SCUOLE;S2STUDENTI;S2STSTATAL;S2RIPETENT;S2STRANIER;S2CLASSI;S2PO30_STU;S2PO35_STU;S2_NAMMESS;S2ABBANDON;S2DOC_STAT;S2DMOBILIT;pop_scuola;FAM_TOT</Process></lineage></DataProperties></Esri></metadata>
